{"serial_timesteps": 18155520, "n_updates": 35460, "total_timesteps": 48414720, "fps": 377, "ep_reward_mean": 3880.3305677690737, "ep_len_mean": 5789.46, "mimic_qpos_reward": 0.295018749336681, "mimic_qvel_reward": 0.0, "mimic_ee_reward": 0.010876341377252978, "mimic_body_reward": 0.17893081251768894, "mimic_body_vel_reward": 0.030363283253909624, "mimic_contact_reward": 0.14399999999999996, "time_elapsed": 128393.9916768074, "train/entropy_loss": 4.381486892700195, "train/policy_gradient_loss": -0.011219190782867372, "train/value_loss": 2.4273020202914872, "train/approx_kl": 0.011567799374461174, "train/clip_fraction": 0.09464518229166667, "train/loss": 1.7368900775909424, "train/explained_variance": 0.5961261093616486, "_step": 1181, "_runtime": 128396, "_timestamp": 1608732430}