{"serial_timesteps": 22487040, "n_updates": 43920, "total_timesteps": 59965440, "fps": 383, "ep_reward_mean": 3914.9012572308275, "ep_len_mean": 5725.91, "mimic_qpos_reward": 0.31338121178553024, "mimic_qvel_reward": 0.0, "mimic_ee_reward": 0.01663545547836634, "mimic_body_reward": 0.1829226276242464, "mimic_body_vel_reward": 0.026312859180892937, "mimic_contact_reward": 0.14399999999999996, "time_elapsed": 156417.88227891922, "train/entropy_loss": 4.381486892700195, "train/policy_gradient_loss": -0.007284855702891946, "train/value_loss": 10.01490984732906, "train/approx_kl": 0.005970302503556013, "train/clip_fraction": 0.053466796875, "train/loss": 8.237813949584961, "train/explained_variance": -28.599929809570312, "_step": 1463, "_runtime": 156420, "_timestamp": 1608760454}