{"serial_timesteps": 35840, "n_updates": 70, "total_timesteps": 28672, "fps": 182, "ep_reward_mean": 0.31955561861980153, "ep_len_mean": 22.64, "mimic_qpos_reward": 0.00011276971025662019, "mimic_qvel_reward": 4.387866415422739e-47, "mimic_ee_reward": 2.533026298759993e-05, "mimic_body_reward": 0.014714509573425648, "mimic_body_vel_reward": 0.000855229767675105, "time_elapsed": 160.1097695827484, "train/entropy_loss": -43.01032638549805, "train/policy_gradient_loss": -0.003250868825125508, "train/value_loss": 0.07429253715090453, "train/approx_kl": 0.00010070111602544785, "train/clip_fraction": 0.0, "train/loss": 0.027280481532216072, "train/explained_variance": 0.0007999539375305176, "_step": 6, "_runtime": 162, "_timestamp": 1608030139}