{"serial_timesteps": 4638720, "n_updates": 9060, "total_timesteps": 12369920, "fps": 296, "ep_reward_mean": 25.275965197752384, "ep_len_mean": 64.79, "mimic_qpos_reward": 0.1893466572092018, "mimic_qvel_reward": 0.0, "mimic_ee_reward": 0.021444397192678474, "mimic_body_reward": 0.08524795771828977, "mimic_body_vel_reward": 0.01376935972914123, "mimic_contact_reward": 0.09, "time_elapsed": 41674.070021390915, "train/entropy_loss": 4.381486892700195, "train/policy_gradient_loss": -0.006787309626815841, "train/value_loss": 13.721720516681671, "train/approx_kl": 0.0022007992956787348, "train/clip_fraction": 0.014485677083333334, "train/loss": 7.564200401306152, "train/explained_variance": 0.42550450563430786, "_step": 301, "_runtime": 41675, "_timestamp": 1608603867}