{"serial_timesteps": 4362240, "n_updates": 8520, "total_timesteps": 11632640, "fps": 294, "ep_reward_mean": 25.30307476667717, "ep_len_mean": 65.3, "mimic_qpos_reward": 0.17378072300199257, "mimic_qvel_reward": 0.0, "mimic_ee_reward": 0.015392718578593772, "mimic_body_reward": 0.09781500323891809, "mimic_body_vel_reward": 0.019110822475937386, "mimic_contact_reward": 0.09399999999999999, "time_elapsed": 39506.02220773697, "train/entropy_loss": 4.381486892700195, "train/policy_gradient_loss": -0.0075804495039240765, "train/value_loss": 11.855774501959482, "train/approx_kl": 0.004935111850500107, "train/clip_fraction": 0.017333984375, "train/loss": 6.163267612457275, "train/explained_variance": 0.5132502913475037, "_step": 283, "_runtime": 39507, "_timestamp": 1608601699}