{"serial_timesteps": 22487040, "n_updates": 43920, "total_timesteps": 59965440, "fps": 450, "ep_reward_mean": 3923.177424933512, "ep_len_mean": 5612.19, "mimic_qpos_reward": 0.3616007419772093, "mimic_qvel_reward": 0.0, "mimic_ee_reward": 0.0, "mimic_body_reward": 0.21148632858691807, "mimic_body_vel_reward": 0.01072678076787099, "mimic_contact_reward": 0.14399999999999996, "time_elapsed": 133224.59097266197, "train/entropy_loss": 4.381486892700195, "train/policy_gradient_loss": -0.0105468177741083, "train/value_loss": 0.696658804702262, "train/approx_kl": 0.01191999576985836, "train/clip_fraction": 0.10611979166666667, "train/loss": 0.17170225083827972, "train/explained_variance": -0.03845810890197754, "_step": 1463, "_runtime": 133226, "_timestamp": 1609045219}