{"serial_timesteps": 22487040, "n_updates": 43920, "total_timesteps": 59965440, "fps": 442, "ep_reward_mean": 5856.84530633125, "ep_len_mean": 7740.91, "mimic_qpos_reward": 0.30813545048018304, "mimic_qvel_reward": 0.0, "mimic_body_orientation_reward": 0.08694867886710894, "mimic_body_reward": 0.18090683218510345, "mimic_body_vel_reward": 0.028536710540976173, "mimic_contact_reward": 0.14799999999999996, "time_elapsed": 135470.66709971428, "train/entropy_loss": 4.381486892700195, "train/policy_gradient_loss": -0.0063909834425430745, "train/value_loss": 12.264810452858606, "train/approx_kl": 0.009110869839787483, "train/clip_fraction": 0.060872395833333336, "train/loss": 10.349076271057129, "train/explained_variance": -14.354996681213379, "_step": 1463, "_runtime": 135472, "_timestamp": 1608913053}