{"serial_timesteps": 936960, "n_updates": 1830, "total_timesteps": 2498560, "fps": 418, "ep_reward_mean": 32.857809726087915, "ep_len_mean": 60.46, "mimic_qpos_reward": 0.26913390629136413, "mimic_qvel_reward": 0.0, "mimic_body_orientation_reward": 0.010852327101190898, "mimic_body_reward": 0.1397564714484868, "mimic_body_vel_reward": 0.012565428209539183, "mimic_contact_reward": 0.08, "time_elapsed": 5968.050049304962, "train/entropy_loss": 4.381486892700195, "train/policy_gradient_loss": -0.006784044244947533, "train/value_loss": 8.244502733151117, "train/approx_kl": 0.007310137152671814, "train/clip_fraction": 0.0302734375, "train/loss": 3.5998175144195557, "train/explained_variance": 0.8583688735961914, "_step": 60, "_runtime": 5970, "_timestamp": 1608783551}