{"serial_timesteps": 13363200, "n_updates": 26100, "total_timesteps": 35635200, "fps": 373, "ep_reward_mean": 2714.2842377135157, "ep_len_mean": 4812.71, "mimic_qpos_reward": 0.22409251000177322, "mimic_qvel_reward": 0.0, "mimic_ee_reward": 0.022738404088012386, "mimic_body_reward": 0.16779575202817518, "mimic_body_vel_reward": 0.03117070101011212, "mimic_contact_reward": 0.146, "time_elapsed": 95298.6823527813, "train/entropy_loss": 4.381486892700195, "train/policy_gradient_loss": -0.011297700897557661, "train/value_loss": 1.4835605795184772, "train/approx_kl": 0.000765848730225116, "train/clip_fraction": 0.06876627604166667, "train/loss": 0.6675847172737122, "train/explained_variance": 0.12515443563461304, "_step": 869, "_runtime": 95300, "_timestamp": 1608698191}