{"serial_timesteps": 122880, "n_updates": 240, "total_timesteps": 327680, "fps": 276, "ep_reward_mean": 10.332780340156262, "ep_len_mean": 32.43, "mimic_qpos_reward": 0.17719800969159774, "mimic_qvel_reward": 0.0, "mimic_ee_reward": 0.016445914776744886, "mimic_body_reward": 0.07377291494003128, "mimic_body_vel_reward": 0.014824486467956706, "mimic_contact_reward": 0.057999999999999996, "time_elapsed": 1187.903473854065, "train/entropy_loss": 4.381486892700195, "train/policy_gradient_loss": -0.006050155604801451, "train/value_loss": 2.3286856040358543, "train/approx_kl": 0.005361584480851889, "train/clip_fraction": 0.01171875, "train/loss": 1.093536138534546, "train/explained_variance": 0.5596525371074677, "_step": 7, "_runtime": 1189, "_timestamp": 1608604080}