{"serial_timesteps": 11243520, "n_updates": 21960, "total_timesteps": 29982720, "fps": 425, "ep_reward_mean": 110.00004813445159, "ep_len_mean": 242.1, "mimic_qpos_reward": 0.25722054516177484, "mimic_qvel_reward": 0.0, "mimic_ee_reward": 0.0, "mimic_body_reward": 0.14479165949252853, "mimic_body_vel_reward": 0.004913360349804476, "mimic_contact_reward": 0.122, "time_elapsed": 70408.63649272919, "train/entropy_loss": 4.381486892700195, "train/policy_gradient_loss": -0.008766281156567857, "train/value_loss": 30.038049678007763, "train/approx_kl": 0.014634298160672188, "train/clip_fraction": 0.08585611979166667, "train/loss": 12.457586288452148, "train/explained_variance": -11.39210319519043, "_step": 731, "_runtime": 70410, "_timestamp": 1609061750}