{"serial_timesteps": 7649280, "n_updates": 14940, "total_timesteps": 20398080, "fps": 467, "ep_reward_mean": 37.12915248982858, "ep_len_mean": 101.46, "mimic_qpos_reward": 0.22368620409896028, "mimic_qvel_reward": 0.0, "mimic_ee_reward": 0.0, "mimic_body_reward": 0.12166518685387065, "mimic_body_vel_reward": 0.005341397546273163, "mimic_contact_reward": 0.11199999999999996, "time_elapsed": 43636.13433909416, "train/entropy_loss": 20.323871612548828, "train/policy_gradient_loss": -0.009592662361683324, "train/value_loss": 20.249832491079967, "train/approx_kl": 0.014004291966557503, "train/clip_fraction": 0.215087890625, "train/loss": 11.038436889648438, "train/explained_variance": -11.53089714050293, "_step": 497, "_runtime": 43637, "_timestamp": 1609119816}