{"serial_timesteps": 3358720, "n_updates": 6560, "total_timesteps": 2686976, "fps": 190, "ep_reward_mean": 0.6771297009879227, "ep_len_mean": 22.13, "mimic_qpos_reward": 0.0041506054142512626, "mimic_qvel_reward": 3.410419344214642e-11, "mimic_ee_reward": 0.0008661746093948924, "mimic_body_reward": 0.031891033789244676, "mimic_body_vel_reward": 0.0016799831552991337, "time_elapsed": 14076.765939235687, "train/entropy_loss": 73.2833251953125, "train/policy_gradient_loss": -0.047521073604002595, "train/value_loss": 0.0007685224249144085, "train/approx_kl": 0.03449196368455887, "train/clip_fraction": 0.413525390625, "train/loss": -0.06855195760726929, "train/explained_variance": 0.9829266220331192, "_step": 655, "_runtime": 14081, "_timestamp": 1608044251}