{"serial_timesteps": 61440, "n_updates": 120, "total_timesteps": 163840, "fps": 342, "ep_reward_mean": 9.996020597473368, "ep_len_mean": 27.46, "mimic_qpos_reward": 0.20062920165083084, "mimic_qvel_reward": 0.0, "mimic_ee_reward": 0.019868785093878696, "mimic_body_reward": 0.08648640639385796, "mimic_body_vel_reward": 0.01773560179663181, "mimic_contact_reward": 0.08, "time_elapsed": 482.6773319244385, "train/entropy_loss": 57.3409423828125, "train/policy_gradient_loss": 0.33941037333958474, "train/value_loss": 0.6711526606231928, "train/approx_kl": 7.3884172439575195, "train/clip_fraction": 0.9602864583333334, "train/loss": 0.5327820777893066, "train/explained_variance": 0.9321566894650459, "_step": 3, "_runtime": 484, "_timestamp": 1608544974}