{"serial_timesteps": 1090560, "n_updates": 2130, "total_timesteps": 2908160, "fps": 367, "ep_reward_mean": 16.048898717028404, "ep_len_mean": 36.8, "mimic_qpos_reward": 0.23948962549032296, "mimic_qvel_reward": 0.0, "mimic_ee_reward": 0.022300074141589032, "mimic_body_reward": 0.0992196216764427, "mimic_body_vel_reward": 0.02521028695945063, "mimic_contact_reward": 0.08999999999999998, "time_elapsed": 7910.489986658096, "train/entropy_loss": 57.3409423828125, "train/policy_gradient_loss": -0.01574445083194102, "train/value_loss": 1.0841079441209633, "train/approx_kl": 0.021687529981136322, "train/clip_fraction": 0.239501953125, "train/loss": 0.35780492424964905, "train/explained_variance": 0.9558177031576633, "_step": 70, "_runtime": 7912, "_timestamp": 1608557603}