{"serial_timesteps": 430080, "n_updates": 840, "total_timesteps": 1146880, "fps": 403, "ep_reward_mean": 13.538684610200798, "ep_len_mean": 35.63, "mimic_qpos_reward": 0.24665703854094698, "mimic_qvel_reward": 0.0, "mimic_ee_reward": 0.0, "mimic_body_reward": 0.04000920286915095, "mimic_body_vel_reward": 0.0012558557118857443, "mimic_contact_reward": 0.08799999999999997, "time_elapsed": 2847.545785188675, "train/entropy_loss": 4.381486892700195, "train/policy_gradient_loss": -0.008886864505863437, "train/value_loss": 2.4372628231843314, "train/approx_kl": 0.00631436612457037, "train/clip_fraction": 0.061360677083333336, "train/loss": 1.117985725402832, "train/explained_variance": 0.7627693712711334, "_step": 27, "_runtime": 2849, "_timestamp": 1608991250}