{"serial_timesteps": 4899840, "n_updates": 9570, "total_timesteps": 13066240, "fps": 303, "ep_reward_mean": 464.07556159117564, "ep_len_mean": 1222.74, "mimic_qpos_reward": 0.07433405414346264, "mimic_qvel_reward": 0.0, "mimic_ee_reward": 0.0009822122229661825, "mimic_body_reward": 0.14161623918275595, "mimic_body_vel_reward": 0.019740083045428836, "mimic_contact_reward": 0.14599999999999996, "time_elapsed": 43102.2436003685, "train/entropy_loss": 4.381486892700195, "train/policy_gradient_loss": -0.007759571405282865, "train/value_loss": 13.364429394404093, "train/approx_kl": 0.006112072616815567, "train/clip_fraction": 0.054036458333333336, "train/loss": 7.130321502685547, "train/explained_variance": 0.8347116857767105, "_step": 318, "_runtime": 43104, "_timestamp": 1608601526}