{"serial_timesteps": 368640, "n_updates": 720, "total_timesteps": 983040, "fps": 312, "ep_reward_mean": 4.747020112510638, "ep_len_mean": 28.93, "mimic_qpos_reward": 0.02991279583871081, "mimic_qvel_reward": 0.0, "mimic_ee_reward": 0.006461223445489063, "mimic_body_reward": 0.07190999745017507, "mimic_body_vel_reward": 0.013362525603098231, "mimic_contact_reward": 0.046, "time_elapsed": 3147.7127978801727, "train/entropy_loss": 57.3409423828125, "train/policy_gradient_loss": 0.3564136131317355, "train/value_loss": 0.21365550893824548, "train/approx_kl": 12.264732360839844, "train/clip_fraction": 0.9805501302083334, "train/loss": 0.39391303062438965, "train/explained_variance": 0.8843345940113068, "_step": 23, "_runtime": 3149, "_timestamp": 1608544452}