{"serial_timesteps": 5391360, "n_updates": 10530, "total_timesteps": 14376960, "fps": 421, "ep_reward_mean": 652.0402630965185, "ep_len_mean": 1610.21, "mimic_qpos_reward": 0.20367315703434274, "mimic_qvel_reward": 0.0, "mimic_ee_reward": 0.0, "mimic_body_reward": 0.059390576282329605, "mimic_body_vel_reward": 0.003693459204230373, "mimic_contact_reward": 0.10799999999999998, "time_elapsed": 34077.097694158554, "train/entropy_loss": 4.381486892700195, "train/policy_gradient_loss": -0.010233912180410698, "train/value_loss": 5.910070603092511, "train/approx_kl": 0.01002582535147667, "train/clip_fraction": 0.111328125, "train/loss": 2.002413749694824, "train/explained_variance": 0.5681230425834656, "_step": 350, "_runtime": 34078, "_timestamp": 1608732428}