{"serial_timesteps": 22487040, "n_updates": 43920, "total_timesteps": 59965440, "fps": 434, "ep_reward_mean": 3751.0215700896615, "ep_len_mean": 5357.6, "mimic_qpos_reward": 0.3611197315098878, "mimic_qvel_reward": 0.0, "mimic_ee_reward": 0.0, "mimic_body_reward": 0.21675134121027573, "mimic_body_vel_reward": 0.010036151435214772, "mimic_contact_reward": 0.13599999999999998, "time_elapsed": 137898.0158150196, "train/entropy_loss": 4.381486892700195, "train/policy_gradient_loss": -0.011836645368020982, "train/value_loss": 0.28032008931040764, "train/approx_kl": 0.009234312921762466, "train/clip_fraction": 0.09822591145833333, "train/loss": 0.15565912425518036, "train/explained_variance": -0.1583026647567749, "_step": 1463, "_runtime": 137899, "_timestamp": 1608836249}