{"serial_timesteps": 13900800, "n_updates": 27150, "total_timesteps": 37068800, "fps": 435, "ep_reward_mean": 4611.485683262966, "ep_len_mean": 7035.49, "mimic_qpos_reward": 0.34633434911478794, "mimic_qvel_reward": 0.0, "mimic_ee_reward": 0.0, "mimic_body_reward": 0.2014845819223781, "mimic_body_vel_reward": 0.008216506273603135, "mimic_contact_reward": 0.14399999999999996, "time_elapsed": 85144.92557168007, "train/entropy_loss": 4.381486892700195, "train/policy_gradient_loss": -0.006730573872725169, "train/value_loss": 9.325792549798885, "train/approx_kl": 0.012453047558665276, "train/clip_fraction": 0.09195963541666667, "train/loss": 1.5808534622192383, "train/explained_variance": -15.910432815551758, "_step": 904, "_runtime": 85146, "_timestamp": 1608783496}