{"serial_timesteps": 46080, "n_updates": 90, "total_timesteps": 122880, "fps": 367, "ep_reward_mean": 8.798186003217541, "ep_len_mean": 27.35, "mimic_qpos_reward": 0.19098857663958793, "mimic_qvel_reward": 0.0, "mimic_ee_reward": 0.012595276943678053, "mimic_body_reward": 0.06399394061089111, "mimic_body_vel_reward": 0.010122535750615542, "mimic_contact_reward": 0.06199999999999999, "time_elapsed": 336.5331687927246, "train/entropy_loss": 4.381486892700195, "train/policy_gradient_loss": -0.00851486796940056, "train/value_loss": 3.899150555332502, "train/approx_kl": 0.008907636627554893, "train/clip_fraction": 0.041178385416666664, "train/loss": 1.9512118101119995, "train/explained_variance": -4.63591194152832, "_step": 2, "_runtime": 338, "_timestamp": 1608558278}